user_id,fitness_goal,fitness_level,equipment_access,time_per_session,preferred_body_focus,age_group
user_0000,muscle_gain,beginner,dumbbells,45,full,adult
user_0001,general_fitness,intermediate,bodyweight_only,60,full,adult
user_0002,flexibility,advanced,home_gym,30,full,senior
user_0003,endurance,intermediate,bodyweight_only,45,upper,young_adult
user_0004,weight_loss,advanced,dumbbells,45,upper,senior
user_0005,weight_loss,intermediate,full_gym,60,lower,young_adult
user_0006,weight_loss,intermediate,dumbbells,90,lower,adult
user_0007,general_fitness,advanced,full_gym,15,lower,senior
user_0008,endurance,beginner,bodyweight_only,45,full,young_adult
user_0009,flexibility,intermediate,dumbbells,15,upper,adult
user_0010,weight_loss,beginner,bodyweight_only,45,upper,young_adult
user_0011,general_fitness,advanced,bodyweight_only,30,lower,adult
user_0012,general_fitness,advanced,home_gym,30,full,adult
user_0013,weight_loss,beginner,bodyweight_only,30,upper,adult
user_0014,weight_loss,intermediate,full_gym,45,full,young_adult
user_0015,weight_loss,advanced,dumbbells,30,lower,young_adult
user_0016,muscle_gain,beginner,dumbbells,60,core,young_adult
user_0017,muscle_gain,intermediate,home_gym,45,core,young_adult
user_0018,muscle_gain,advanced,bodyweight_only,15,lower,adult
user_0019,weight_loss,beginner,full_gym,60,upper,senior
user_0020,endurance,intermediate,home_gym,30,lower,adult
user_0021,weight_loss,beginner,full_gym,45,upper,adult
user_0022,weight_loss,advanced,home_gym,45,full,senior
user_0023,muscle_gain,advanced,bodyweight_only,30,full,adult
user_0024,muscle_gain,advanced,dumbbells,15,full,senior
user_0025,flexibility,intermediate,dumbbells,30,full,adult
user_0026,weight_loss,advanced,full_gym,90,lower,young_adult
user_0027,muscle_gain,advanced,home_gym,45,upper,young_adult
user_0028,endurance,beginner,dumbbells,45,full,adult
user_0029,weight_loss,advanced,full_gym,45,lower,young_adult
user_0030,endurance,beginner,bodyweight_only,30,full,young_adult
user_0031,weight_loss,intermediate,full_gym,45,lower,adult
user_0032,weight_loss,beginner,dumbbells,60,upper,adult
user_0033,general_fitness,beginner,home_gym,30,core,adult
user_0034,general_fitness,beginner,full_gym,30,upper,young_adult
user_0035,general_fitness,intermediate,dumbbells,30,core,adult
user_0036,muscle_gain,beginner,bodyweight_only,45,core,adult
user_0037,weight_loss,intermediate,bodyweight_only,90,full,senior
user_0038,endurance,beginner,bodyweight_only,15,full,adult
user_0039,muscle_gain,beginner,dumbbells,45,full,senior
user_0040,weight_loss,intermediate,home_gym,30,core,adult
user_0041,muscle_gain,intermediate,full_gym,90,lower,adult
user_0042,weight_loss,beginner,full_gym,30,lower,young_adult
user_0043,general_fitness,intermediate,bodyweight_only,45,full,adult
user_0044,weight_loss,advanced,home_gym,60,lower,adult
user_0045,endurance,intermediate,full_gym,60,lower,adult
user_0046,muscle_gain,beginner,bodyweight_only,45,lower,adult
user_0047,muscle_gain,beginner,full_gym,30,full,adult
user_0048,muscle_gain,advanced,full_gym,30,core,young_adult
user_0049,weight_loss,beginner,bodyweight_only,30,upper,adult
user_0050,general_fitness,advanced,dumbbells,30,core,young_adult
user_0051,flexibility,intermediate,dumbbells,45,full,senior
user_0052,general_fitness,advanced,bodyweight_only,30,full,young_adult
user_0053,general_fitness,intermediate,home_gym,30,full,young_adult
user_0054,endurance,advanced,full_gym,45,full,adult
user_0055,general_fitness,beginner,full_gym,90,upper,adult
user_0056,weight_loss,intermediate,dumbbells,45,full,adult
user_0057,weight_loss,intermediate,dumbbells,15,upper,young_adult
user_0058,weight_loss,intermediate,full_gym,15,core,adult
user_0059,muscle_gain,intermediate,full_gym,90,core,young_adult
user_0060,muscle_gain,advanced,bodyweight_only,30,lower,senior
user_0061,weight_loss,advanced,full_gym,15,upper,senior
user_0062,general_fitness,intermediate,full_gym,45,full,adult
user_0063,muscle_gain,intermediate,dumbbells,45,lower,young_adult
user_0064,weight_loss,intermediate,bodyweight_only,45,core,adult
user_0065,muscle_gain,intermediate,full_gym,30,upper,young_adult
user_0066,weight_loss,beginner,bodyweight_only,15,upper,adult
user_0067,general_fitness,beginner,dumbbells,90,core,young_adult
user_0068,weight_loss,beginner,bodyweight_only,30,full,senior
user_0069,general_fitness,beginner,dumbbells,45,full,young_adult
user_0070,flexibility,beginner,full_gym,60,lower,adult
user_0071,weight_loss,beginner,full_gym,45,full,adult
user_0072,weight_loss,beginner,bodyweight_only,30,full,adult
user_0073,general_fitness,beginner,home_gym,30,full,young_adult
user_0074,flexibility,advanced,home_gym,45,full,senior
user_0075,flexibility,intermediate,home_gym,60,full,adult
user_0076,flexibility,beginner,bodyweight_only,90,lower,adult
user_0077,weight_loss,intermediate,dumbbells,30,lower,young_adult
user_0078,muscle_gain,beginner,home_gym,30,full,adult
user_0079,weight_loss,advanced,full_gym,90,upper,adult
user_0080,general_fitness,intermediate,bodyweight_only,60,full,young_adult
user_0081,endurance,beginner,bodyweight_only,60,upper,young_adult
user_0082,muscle_gain,intermediate,dumbbells,30,full,senior
user_0083,weight_loss,advanced,home_gym,45,full,young_adult
user_0084,muscle_gain,advanced,full_gym,60,upper,young_adult
user_0085,muscle_gain,intermediate,dumbbells,45,upper,adult
user_0086,flexibility,intermediate,bodyweight_only,45,upper,adult
user_0087,endurance,beginner,full_gym,15,full,young_adult
user_0088,general_fitness,advanced,full_gym,45,full,adult
user_0089,muscle_gain,beginner,dumbbells,30,upper,young_adult
user_0090,weight_loss,advanced,full_gym,45,full,young_adult
user_0091,flexibility,intermediate,home_gym,90,lower,young_adult
user_0092,flexibility,intermediate,bodyweight_only,30,lower,senior
user_0093,endurance,intermediate,full_gym,60,core,young_adult
user_0094,flexibility,beginner,dumbbells,30,lower,young_adult
user_0095,muscle_gain,beginner,full_gym,45,lower,adult
user_0096,muscle_gain,beginner,full_gym,90,upper,senior
user_0097,muscle_gain,beginner,full_gym,30,upper,young_adult
user_0098,weight_loss,intermediate,full_gym,15,lower,adult
user_0099,weight_loss,beginner,dumbbells,45,upper,young_adult
user_0100,weight_loss,beginner,home_gym,15,full,adult
user_0101,endurance,advanced,full_gym,60,lower,adult
user_0102,muscle_gain,advanced,bodyweight_only,90,full,adult
user_0103,muscle_gain,advanced,full_gym,45,upper,young_adult
user_0104,general_fitness,advanced,full_gym,30,lower,young_adult
user_0105,weight_loss,beginner,dumbbells,45,full,young_adult
user_0106,muscle_gain,beginner,home_gym,60,core,adult
user_0107,flexibility,intermediate,home_gym,15,upper,young_adult
user_0108,weight_loss,intermediate,dumbbells,45,core,adult
user_0109,weight_loss,beginner,home_gym,45,full,senior
user_0110,weight_loss,advanced,bodyweight_only,45,full,senior
user_0111,weight_loss,beginner,bodyweight_only,30,full,senior
user_0112,general_fitness,beginner,bodyweight_only,60,upper,adult
user_0113,general_fitness,intermediate,home_gym,15,upper,adult
user_0114,endurance,intermediate,full_gym,30,full,young_adult
user_0115,general_fitness,intermediate,bodyweight_only,60,lower,adult
user_0116,general_fitness,beginner,dumbbells,60,core,adult
user_0117,weight_loss,advanced,full_gym,15,lower,adult
user_0118,general_fitness,beginner,bodyweight_only,30,upper,adult
user_0119,muscle_gain,beginner,home_gym,30,full,young_adult
user_0120,general_fitness,advanced,full_gym,30,lower,young_adult
user_0121,general_fitness,advanced,full_gym,30,full,senior
user_0122,muscle_gain,advanced,home_gym,15,full,young_adult
user_0123,weight_loss,advanced,dumbbells,45,core,adult
user_0124,weight_loss,intermediate,home_gym,60,full,senior
user_0125,muscle_gain,intermediate,full_gym,45,full,adult
user_0126,general_fitness,beginner,full_gym,45,full,adult
user_0127,general_fitness,intermediate,bodyweight_only,15,core,young_adult
user_0128,weight_loss,beginner,home_gym,90,lower,young_adult
user_0129,muscle_gain,beginner,dumbbells,60,upper,senior
user_0130,muscle_gain,intermediate,bodyweight_only,60,lower,adult
user_0131,weight_loss,intermediate,bodyweight_only,60,upper,adult
user_0132,weight_loss,beginner,full_gym,90,full,young_adult
user_0133,muscle_gain,beginner,full_gym,45,full,young_adult
user_0134,general_fitness,intermediate,full_gym,30,full,senior
user_0135,muscle_gain,beginner,home_gym,45,upper,adult
user_0136,muscle_gain,advanced,bodyweight_only,60,full,adult
user_0137,flexibility,intermediate,full_gym,60,lower,young_adult
user_0138,muscle_gain,intermediate,bodyweight_only,45,full,adult
user_0139,general_fitness,intermediate,home_gym,15,full,senior
user_0140,general_fitness,advanced,full_gym,30,lower,adult
user_0141,weight_loss,beginner,full_gym,90,upper,young_adult
user_0142,muscle_gain,intermediate,full_gym,45,upper,adult
user_0143,muscle_gain,intermediate,dumbbells,45,full,adult
user_0144,weight_loss,beginner,dumbbells,30,core,adult
user_0145,weight_loss,advanced,full_gym,30,full,senior
user_0146,endurance,intermediate,dumbbells,60,upper,adult
user_0147,muscle_gain,intermediate,dumbbells,45,lower,senior
user_0148,weight_loss,advanced,dumbbells,60,full,adult
user_0149,weight_loss,advanced,full_gym,45,full,young_adult
user_0150,general_fitness,intermediate,dumbbells,45,upper,young_adult
user_0151,weight_loss,advanced,bodyweight_only,30,upper,young_adult
user_0152,weight_loss,intermediate,full_gym,60,full,senior
user_0153,muscle_gain,intermediate,full_gym,45,lower,adult
user_0154,general_fitness,intermediate,bodyweight_only,45,lower,adult
user_0155,weight_loss,intermediate,bodyweight_only,45,upper,young_adult
user_0156,endurance,beginner,bodyweight_only,90,full,young_adult
user_0157,flexibility,advanced,dumbbells,15,core,adult
user_0158,weight_loss,advanced,dumbbells,60,core,adult
user_0159,flexibility,beginner,full_gym,30,full,young_adult
user_0160,muscle_gain,advanced,full_gym,45,full,adult
user_0161,endurance,beginner,full_gym,15,upper,young_adult
user_0162,endurance,beginner,dumbbells,30,full,young_adult
user_0163,muscle_gain,intermediate,full_gym,45,lower,adult
user_0164,weight_loss,beginner,dumbbells,15,full,young_adult
user_0165,general_fitness,advanced,home_gym,45,lower,senior
user_0166,muscle_gain,advanced,full_gym,90,upper,young_adult
user_0167,weight_loss,intermediate,bodyweight_only,30,upper,young_adult
user_0168,weight_loss,beginner,full_gym,60,lower,young_adult
user_0169,endurance,beginner,dumbbells,45,upper,adult
user_0170,endurance,intermediate,full_gym,45,upper,adult
user_0171,weight_loss,advanced,bodyweight_only,30,core,adult
user_0172,muscle_gain,intermediate,bodyweight_only,30,lower,young_adult
user_0173,weight_loss,beginner,home_gym,30,full,young_adult
user_0174,endurance,intermediate,bodyweight_only,15,core,adult
user_0175,weight_loss,intermediate,full_gym,30,core,senior
user_0176,endurance,intermediate,dumbbells,45,full,senior
user_0177,muscle_gain,beginner,full_gym,60,full,young_adult
user_0178,general_fitness,intermediate,full_gym,60,lower,adult
user_0179,weight_loss,intermediate,full_gym,45,lower,senior
user_0180,muscle_gain,advanced,dumbbells,30,lower,adult
user_0181,weight_loss,beginner,bodyweight_only,30,full,senior
user_0182,general_fitness,intermediate,bodyweight_only,30,full,young_adult
user_0183,general_fitness,advanced,dumbbells,30,lower,senior
user_0184,weight_loss,beginner,full_gym,45,upper,adult
user_0185,endurance,advanced,home_gym,45,full,senior
user_0186,general_fitness,intermediate,home_gym,30,upper,adult
user_0187,endurance,beginner,full_gym,30,full,adult
user_0188,muscle_gain,beginner,full_gym,60,full,senior
user_0189,weight_loss,intermediate,full_gym,60,full,young_adult
user_0190,weight_loss,beginner,dumbbells,30,full,young_adult
user_0191,general_fitness,intermediate,home_gym,90,core,adult
user_0192,general_fitness,beginner,full_gym,90,lower,adult
user_0193,endurance,intermediate,full_gym,30,full,senior
user_0194,muscle_gain,beginner,bodyweight_only,30,full,young_adult
user_0195,muscle_gain,advanced,dumbbells,45,upper,adult
user_0196,flexibility,advanced,dumbbells,90,upper,adult
user_0197,general_fitness,advanced,home_gym,60,lower,young_adult
user_0198,general_fitness,intermediate,full_gym,30,lower,adult
user_0199,flexibility,beginner,dumbbells,30,full,young_adult
user_0200,endurance,intermediate,home_gym,45,full,young_adult
user_0201,weight_loss,beginner,bodyweight_only,45,upper,senior
user_0202,weight_loss,beginner,dumbbells,30,upper,adult
user_0203,general_fitness,beginner,bodyweight_only,60,core,adult
user_0204,endurance,intermediate,full_gym,45,upper,senior
user_0205,weight_loss,intermediate,home_gym,60,lower,adult
user_0206,weight_loss,intermediate,dumbbells,60,full,senior
user_0207,endurance,intermediate,home_gym,60,full,adult
user_0208,weight_loss,beginner,dumbbells,45,upper,senior
user_0209,weight_loss,advanced,home_gym,45,upper,young_adult
user_0210,muscle_gain,intermediate,full_gym,30,upper,senior
user_0211,endurance,intermediate,full_gym,45,full,young_adult
user_0212,endurance,beginner,bodyweight_only,30,full,young_adult
user_0213,weight_loss,intermediate,home_gym,45,upper,adult
user_0214,flexibility,intermediate,full_gym,30,full,adult
user_0215,weight_loss,beginner,dumbbells,30,full,adult
user_0216,muscle_gain,beginner,full_gym,30,upper,adult
user_0217,flexibility,intermediate,dumbbells,15,lower,adult
user_0218,endurance,intermediate,home_gym,60,full,young_adult
user_0219,general_fitness,beginner,bodyweight_only,60,lower,young_adult
user_0220,endurance,advanced,full_gym,45,lower,young_adult
user_0221,endurance,beginner,full_gym,30,full,adult
user_0222,weight_loss,intermediate,bodyweight_only,15,core,young_adult
user_0223,muscle_gain,advanced,bodyweight_only,15,full,adult
user_0224,weight_loss,intermediate,bodyweight_only,30,full,adult
user_0225,weight_loss,intermediate,dumbbells,60,full,young_adult
user_0226,general_fitness,beginner,dumbbells,30,lower,adult
user_0227,muscle_gain,beginner,full_gym,30,full,senior
user_0228,general_fitness,advanced,dumbbells,30,lower,young_adult
user_0229,endurance,intermediate,dumbbells,30,upper,adult
user_0230,flexibility,advanced,full_gym,45,full,adult
user_0231,muscle_gain,beginner,bodyweight_only,45,full,adult
user_0232,endurance,beginner,home_gym,30,lower,adult
user_0233,muscle_gain,beginner,home_gym,15,core,adult
user_0234,weight_loss,intermediate,full_gym,30,upper,adult
user_0235,flexibility,beginner,full_gym,30,lower,young_adult
user_0236,weight_loss,advanced,home_gym,30,upper,adult
user_0237,weight_loss,intermediate,bodyweight_only,90,full,adult
user_0238,endurance,advanced,bodyweight_only,45,full,young_adult
user_0239,weight_loss,beginner,bodyweight_only,45,lower,adult
user_0240,general_fitness,advanced,full_gym,45,full,senior
user_0241,general_fitness,intermediate,bodyweight_only,45,lower,adult
user_0242,general_fitness,intermediate,full_gym,45,full,adult
user_0243,muscle_gain,advanced,home_gym,45,lower,senior
user_0244,weight_loss,intermediate,home_gym,60,lower,adult
user_0245,general_fitness,intermediate,full_gym,30,core,adult
user_0246,muscle_gain,beginner,bodyweight_only,45,lower,adult
user_0247,general_fitness,beginner,full_gym,45,upper,senior
user_0248,general_fitness,advanced,full_gym,60,full,adult
user_0249,general_fitness,intermediate,bodyweight_only,45,core,adult
user_0250,weight_loss,intermediate,bodyweight_only,45,lower,adult
user_0251,muscle_gain,intermediate,home_gym,30,upper,senior
user_0252,general_fitness,beginner,full_gym,45,lower,adult
user_0253,muscle_gain,beginner,full_gym,30,full,young_adult
user_0254,weight_loss,intermediate,home_gym,30,upper,senior
user_0255,endurance,intermediate,full_gym,30,full,adult
user_0256,general_fitness,beginner,full_gym,45,core,young_adult
user_0257,endurance,intermediate,dumbbells,30,lower,adult
user_0258,endurance,beginner,dumbbells,30,lower,adult
user_0259,weight_loss,intermediate,dumbbells,60,lower,senior
user_0260,endurance,beginner,full_gym,30,upper,young_adult
user_0261,general_fitness,intermediate,full_gym,45,core,senior
user_0262,weight_loss,beginner,home_gym,45,lower,adult
user_0263,muscle_gain,intermediate,dumbbells,15,lower,young_adult
user_0264,general_fitness,beginner,full_gym,60,full,senior
user_0265,flexibility,beginner,full_gym,15,lower,adult
user_0266,endurance,beginner,full_gym,45,full,young_adult
user_0267,flexibility,intermediate,full_gym,45,upper,adult
user_0268,muscle_gain,intermediate,bodyweight_only,45,full,senior
user_0269,weight_loss,beginner,full_gym,45,core,young_adult
user_0270,general_fitness,intermediate,bodyweight_only,30,full,young_adult
user_0271,general_fitness,advanced,dumbbells,15,core,young_adult
user_0272,general_fitness,intermediate,dumbbells,60,upper,young_adult
user_0273,general_fitness,beginner,full_gym,45,lower,adult
user_0274,muscle_gain,intermediate,home_gym,60,full,adult
user_0275,muscle_gain,beginner,full_gym,60,full,young_adult
user_0276,flexibility,beginner,full_gym,60,lower,young_adult
user_0277,endurance,advanced,full_gym,45,lower,young_adult
user_0278,flexibility,beginner,full_gym,30,upper,senior
user_0279,flexibility,intermediate,bodyweight_only,60,lower,young_adult
user_0280,general_fitness,intermediate,dumbbells,45,upper,senior
user_0281,muscle_gain,intermediate,dumbbells,30,full,adult
user_0282,muscle_gain,intermediate,dumbbells,60,upper,young_adult
user_0283,weight_loss,beginner,bodyweight_only,60,upper,senior
user_0284,endurance,beginner,bodyweight_only,45,full,adult
user_0285,weight_loss,intermediate,dumbbells,15,full,adult
user_0286,muscle_gain,beginner,home_gym,30,core,senior
user_0287,muscle_gain,beginner,dumbbells,60,full,young_adult
user_0288,weight_loss,beginner,dumbbells,90,lower,young_adult
user_0289,endurance,beginner,bodyweight_only,30,full,adult
user_0290,weight_loss,beginner,full_gym,15,full,young_adult
user_0291,weight_loss,beginner,dumbbells,60,upper,young_adult
user_0292,general_fitness,intermediate,bodyweight_only,30,full,young_adult
user_0293,muscle_gain,intermediate,full_gym,45,core,young_adult
user_0294,weight_loss,advanced,bodyweight_only,90,lower,adult
user_0295,muscle_gain,beginner,bodyweight_only,15,lower,young_adult
user_0296,flexibility,beginner,bodyweight_only,45,upper,adult
user_0297,weight_loss,beginner,bodyweight_only,15,upper,adult
user_0298,endurance,intermediate,bodyweight_only,30,lower,adult
user_0299,weight_loss,intermediate,dumbbells,60,full,young_adult
user_0300,weight_loss,beginner,full_gym,45,upper,adult
user_0301,muscle_gain,advanced,full_gym,90,core,young_adult
user_0302,muscle_gain,beginner,full_gym,45,full,adult
user_0303,endurance,intermediate,dumbbells,30,full,senior
user_0304,flexibility,intermediate,home_gym,30,full,adult
user_0305,general_fitness,advanced,dumbbells,30,upper,adult
user_0306,muscle_gain,intermediate,bodyweight_only,30,lower,adult
user_0307,muscle_gain,advanced,full_gym,15,full,adult
user_0308,flexibility,beginner,bodyweight_only,30,full,senior
user_0309,weight_loss,advanced,dumbbells,45,full,senior
user_0310,muscle_gain,beginner,full_gym,60,lower,young_adult
user_0311,weight_loss,advanced,home_gym,45,core,adult
user_0312,weight_loss,intermediate,dumbbells,60,upper,senior
user_0313,general_fitness,advanced,full_gym,15,core,senior
user_0314,general_fitness,intermediate,home_gym,30,core,adult
user_0315,endurance,intermediate,bodyweight_only,45,upper,adult
user_0316,muscle_gain,intermediate,dumbbells,45,full,young_adult
user_0317,weight_loss,intermediate,dumbbells,15,upper,senior
user_0318,weight_loss,beginner,dumbbells,60,lower,young_adult
user_0319,weight_loss,beginner,dumbbells,60,full,adult
user_0320,muscle_gain,beginner,home_gym,45,full,young_adult
user_0321,flexibility,beginner,full_gym,15,core,young_adult
user_0322,endurance,advanced,full_gym,60,full,adult
user_0323,weight_loss,beginner,dumbbells,45,lower,senior
user_0324,general_fitness,advanced,full_gym,60,full,young_adult
user_0325,flexibility,beginner,home_gym,60,core,adult
user_0326,endurance,beginner,full_gym,60,upper,young_adult
user_0327,endurance,intermediate,bodyweight_only,45,core,young_adult
user_0328,muscle_gain,intermediate,full_gym,30,upper,adult
user_0329,weight_loss,intermediate,bodyweight_only,45,full,adult
user_0330,muscle_gain,intermediate,dumbbells,45,lower,young_adult
user_0331,flexibility,intermediate,bodyweight_only,60,upper,young_adult
user_0332,weight_loss,beginner,full_gym,30,lower,young_adult
user_0333,weight_loss,advanced,full_gym,30,full,young_adult
user_0334,weight_loss,advanced,bodyweight_only,60,lower,senior
user_0335,weight_loss,intermediate,dumbbells,60,upper,senior
user_0336,general_fitness,beginner,dumbbells,90,full,young_adult
user_0337,flexibility,intermediate,dumbbells,60,core,adult
user_0338,muscle_gain,beginner,bodyweight_only,45,lower,senior
user_0339,weight_loss,beginner,dumbbells,45,upper,young_adult
user_0340,muscle_gain,beginner,full_gym,60,lower,senior
user_0341,muscle_gain,intermediate,bodyweight_only,45,upper,senior
user_0342,weight_loss,advanced,bodyweight_only,45,full,young_adult
user_0343,muscle_gain,intermediate,dumbbells,30,full,young_adult
user_0344,muscle_gain,intermediate,home_gym,45,full,senior
user_0345,endurance,intermediate,full_gym,60,lower,adult
user_0346,endurance,beginner,full_gym,30,full,young_adult
user_0347,weight_loss,beginner,dumbbells,30,full,young_adult
user_0348,muscle_gain,advanced,full_gym,30,full,adult
user_0349,endurance,beginner,bodyweight_only,30,full,adult
user_0350,muscle_gain,advanced,full_gym,30,full,adult
user_0351,general_fitness,intermediate,home_gym,45,full,senior
user_0352,endurance,intermediate,full_gym,90,lower,young_adult
user_0353,weight_loss,intermediate,home_gym,45,core,adult
user_0354,weight_loss,intermediate,full_gym,30,full,adult
user_0355,endurance,advanced,bodyweight_only,15,full,adult
user_0356,weight_loss,advanced,home_gym,45,upper,young_adult
user_0357,endurance,intermediate,bodyweight_only,30,full,senior
user_0358,general_fitness,beginner,full_gym,60,full,senior
user_0359,endurance,intermediate,bodyweight_only,45,upper,adult
user_0360,muscle_gain,advanced,bodyweight_only,60,upper,adult
user_0361,endurance,beginner,dumbbells,30,full,young_adult
user_0362,muscle_gain,intermediate,dumbbells,45,full,adult
user_0363,muscle_gain,intermediate,dumbbells,30,full,adult
user_0364,general_fitness,intermediate,full_gym,90,upper,adult
user_0365,muscle_gain,beginner,bodyweight_only,45,full,senior
user_0366,general_fitness,intermediate,bodyweight_only,30,upper,adult
user_0367,general_fitness,advanced,full_gym,30,lower,adult
user_0368,weight_loss,beginner,dumbbells,30,upper,adult
user_0369,weight_loss,beginner,full_gym,45,upper,young_adult
user_0370,weight_loss,advanced,full_gym,30,upper,adult
user_0371,weight_loss,beginner,full_gym,45,lower,young_adult
user_0372,weight_loss,advanced,full_gym,30,upper,adult
user_0373,endurance,intermediate,dumbbells,45,lower,adult
user_0374,weight_loss,beginner,full_gym,60,full,adult
user_0375,muscle_gain,advanced,dumbbells,60,lower,adult
user_0376,general_fitness,intermediate,dumbbells,60,lower,adult
user_0377,weight_loss,intermediate,full_gym,30,full,young_adult
user_0378,general_fitness,beginner,dumbbells,15,upper,senior
user_0379,weight_loss,intermediate,full_gym,45,full,young_adult
user_0380,weight_loss,beginner,full_gym,30,upper,young_adult
user_0381,endurance,beginner,home_gym,45,upper,adult
user_0382,endurance,advanced,home_gym,15,full,young_adult
user_0383,general_fitness,beginner,dumbbells,30,full,young_adult
user_0384,flexibility,intermediate,dumbbells,15,core,adult
user_0385,general_fitness,beginner,full_gym,60,full,adult
user_0386,weight_loss,intermediate,dumbbells,30,core,adult
user_0387,weight_loss,beginner,full_gym,45,upper,senior
user_0388,flexibility,advanced,full_gym,15,upper,adult
user_0389,general_fitness,intermediate,full_gym,45,upper,senior
user_0390,general_fitness,beginner,dumbbells,30,upper,young_adult
user_0391,muscle_gain,beginner,bodyweight_only,60,full,adult
user_0392,muscle_gain,beginner,dumbbells,60,full,senior
user_0393,flexibility,intermediate,bodyweight_only,30,upper,adult
user_0394,muscle_gain,beginner,home_gym,90,core,adult
user_0395,general_fitness,advanced,dumbbells,90,full,adult
user_0396,general_fitness,intermediate,bodyweight_only,60,lower,young_adult
user_0397,muscle_gain,beginner,bodyweight_only,60,upper,adult
user_0398,flexibility,intermediate,full_gym,30,upper,adult
user_0399,flexibility,intermediate,full_gym,45,upper,senior
user_0400,weight_loss,beginner,dumbbells,15,upper,young_adult
user_0401,general_fitness,beginner,bodyweight_only,15,full,senior
user_0402,muscle_gain,beginner,dumbbells,90,upper,senior
user_0403,general_fitness,intermediate,dumbbells,30,lower,young_adult
user_0404,muscle_gain,intermediate,full_gym,60,core,young_adult
user_0405,general_fitness,intermediate,full_gym,60,full,senior
user_0406,muscle_gain,advanced,dumbbells,60,core,senior
user_0407,weight_loss,advanced,bodyweight_only,90,upper,adult
user_0408,general_fitness,intermediate,home_gym,30,lower,young_adult
user_0409,weight_loss,advanced,dumbbells,15,full,adult
user_0410,muscle_gain,beginner,full_gym,45,upper,adult
user_0411,general_fitness,beginner,bodyweight_only,30,upper,young_adult
user_0412,general_fitness,beginner,dumbbells,15,full,adult
user_0413,endurance,beginner,bodyweight_only,30,full,young_adult
user_0414,endurance,intermediate,full_gym,60,lower,young_adult
user_0415,muscle_gain,advanced,home_gym,45,lower,adult
user_0416,weight_loss,beginner,dumbbells,30,lower,adult
user_0417,muscle_gain,beginner,bodyweight_only,45,upper,young_adult
user_0418,endurance,intermediate,bodyweight_only,30,lower,adult
user_0419,flexibility,advanced,dumbbells,15,upper,young_adult
user_0420,flexibility,beginner,bodyweight_only,60,upper,young_adult
user_0421,flexibility,intermediate,bodyweight_only,45,core,young_adult
user_0422,weight_loss,beginner,full_gym,60,full,senior
user_0423,muscle_gain,beginner,dumbbells,15,full,adult
user_0424,weight_loss,advanced,dumbbells,60,lower,adult
user_0425,muscle_gain,advanced,home_gym,45,lower,adult
user_0426,muscle_gain,beginner,bodyweight_only,45,upper,senior
user_0427,general_fitness,advanced,home_gym,45,upper,young_adult
user_0428,muscle_gain,intermediate,dumbbells,60,upper,adult
user_0429,weight_loss,advanced,home_gym,45,full,adult
user_0430,weight_loss,intermediate,full_gym,45,full,adult
user_0431,flexibility,intermediate,full_gym,90,full,young_adult
user_0432,endurance,intermediate,home_gym,60,lower,adult
user_0433,weight_loss,intermediate,dumbbells,45,core,young_adult
user_0434,weight_loss,beginner,home_gym,60,upper,adult
user_0435,flexibility,beginner,dumbbells,30,lower,adult
user_0436,weight_loss,beginner,dumbbells,30,lower,young_adult
user_0437,general_fitness,intermediate,dumbbells,45,full,senior
user_0438,flexibility,beginner,full_gym,90,core,young_adult
user_0439,weight_loss,intermediate,bodyweight_only,90,upper,senior
user_0440,weight_loss,advanced,full_gym,30,core,adult
user_0441,general_fitness,beginner,full_gym,45,full,young_adult
user_0442,muscle_gain,intermediate,full_gym,30,upper,young_adult
user_0443,muscle_gain,intermediate,full_gym,90,lower,senior
user_0444,general_fitness,advanced,dumbbells,90,lower,young_adult
user_0445,general_fitness,beginner,dumbbells,45,core,young_adult
user_0446,general_fitness,intermediate,dumbbells,60,upper,young_adult
user_0447,flexibility,advanced,bodyweight_only,60,full,adult
user_0448,muscle_gain,advanced,bodyweight_only,45,lower,adult
user_0449,weight_loss,intermediate,dumbbells,15,full,young_adult
user_0450,flexibility,intermediate,dumbbells,45,lower,young_adult
user_0451,endurance,intermediate,home_gym,45,full,young_adult
user_0452,muscle_gain,advanced,full_gym,45,full,young_adult
user_0453,general_fitness,intermediate,dumbbells,30,full,adult
user_0454,weight_loss,beginner,full_gym,90,core,adult
user_0455,muscle_gain,advanced,bodyweight_only,30,upper,young_adult
user_0456,weight_loss,intermediate,dumbbells,45,full,adult
user_0457,muscle_gain,intermediate,full_gym,45,upper,adult
user_0458,weight_loss,beginner,dumbbells,45,lower,senior
user_0459,weight_loss,intermediate,dumbbells,45,full,senior
user_0460,weight_loss,beginner,home_gym,30,lower,senior
user_0461,endurance,intermediate,home_gym,30,full,young_adult
user_0462,flexibility,beginner,full_gym,45,core,young_adult
user_0463,endurance,intermediate,full_gym,45,upper,young_adult
user_0464,general_fitness,advanced,full_gym,30,full,young_adult
user_0465,muscle_gain,beginner,bodyweight_only,60,lower,adult
user_0466,weight_loss,advanced,dumbbells,45,upper,adult
user_0467,general_fitness,intermediate,bodyweight_only,45,upper,senior
user_0468,weight_loss,advanced,dumbbells,60,core,senior
user_0469,general_fitness,intermediate,full_gym,30,core,adult
user_0470,weight_loss,intermediate,bodyweight_only,15,core,adult
user_0471,general_fitness,intermediate,home_gym,60,core,young_adult
user_0472,weight_loss,advanced,home_gym,45,upper,young_adult
user_0473,general_fitness,intermediate,full_gym,45,lower,adult
user_0474,muscle_gain,beginner,full_gym,60,full,young_adult
user_0475,general_fitness,intermediate,home_gym,60,lower,adult
user_0476,weight_loss,advanced,bodyweight_only,90,lower,young_adult
user_0477,endurance,intermediate,full_gym,45,lower,adult
user_0478,general_fitness,intermediate,bodyweight_only,45,full,adult
user_0479,muscle_gain,intermediate,full_gym,45,full,young_adult
user_0480,endurance,advanced,dumbbells,30,upper,senior
user_0481,endurance,beginner,home_gym,45,lower,young_adult
user_0482,muscle_gain,intermediate,home_gym,30,full,adult
user_0483,endurance,beginner,bodyweight_only,90,full,adult
user_0484,endurance,beginner,dumbbells,45,upper,adult
user_0485,general_fitness,beginner,home_gym,45,full,senior
user_0486,weight_loss,beginner,dumbbells,30,upper,young_adult
user_0487,weight_loss,intermediate,home_gym,15,lower,adult
user_0488,general_fitness,beginner,full_gym,15,full,adult
user_0489,general_fitness,intermediate,dumbbells,45,full,senior
user_0490,muscle_gain,beginner,dumbbells,15,lower,young_adult
user_0491,endurance,beginner,bodyweight_only,45,full,adult
user_0492,weight_loss,beginner,full_gym,60,full,adult
user_0493,weight_loss,beginner,dumbbells,60,full,young_adult
user_0494,muscle_gain,intermediate,full_gym,45,full,adult
user_0495,muscle_gain,intermediate,dumbbells,30,full,young_adult
user_0496,endurance,intermediate,full_gym,60,lower,adult
user_0497,weight_loss,intermediate,home_gym,60,upper,senior
user_0498,general_fitness,beginner,home_gym,30,lower,adult
user_0499,general_fitness,advanced,dumbbells,60,lower,adult
user_0500,endurance,intermediate,full_gym,30,full,adult
user_0501,muscle_gain,intermediate,full_gym,60,full,young_adult
user_0502,muscle_gain,beginner,full_gym,90,lower,young_adult
user_0503,general_fitness,beginner,home_gym,15,upper,adult
user_0504,endurance,beginner,bodyweight_only,60,lower,young_adult
user_0505,weight_loss,beginner,bodyweight_only,45,lower,young_adult
user_0506,general_fitness,intermediate,home_gym,90,full,adult
user_0507,general_fitness,intermediate,dumbbells,45,upper,young_adult
user_0508,general_fitness,intermediate,full_gym,60,full,young_adult
user_0509,flexibility,intermediate,home_gym,15,core,adult
user_0510,endurance,advanced,bodyweight_only,30,upper,young_adult
user_0511,muscle_gain,intermediate,home_gym,15,lower,senior
user_0512,general_fitness,advanced,dumbbells,90,upper,senior
user_0513,general_fitness,beginner,full_gym,60,full,adult
user_0514,weight_loss,beginner,full_gym,60,full,young_adult
user_0515,weight_loss,beginner,home_gym,90,lower,adult
user_0516,muscle_gain,intermediate,bodyweight_only,15,full,senior
user_0517,general_fitness,advanced,dumbbells,30,core,adult
user_0518,general_fitness,beginner,full_gym,15,upper,young_adult
user_0519,weight_loss,advanced,full_gym,30,upper,adult
user_0520,endurance,beginner,full_gym,30,core,senior
user_0521,muscle_gain,advanced,bodyweight_only,45,full,adult
user_0522,general_fitness,beginner,dumbbells,30,core,adult
user_0523,general_fitness,beginner,dumbbells,30,full,adult
user_0524,general_fitness,intermediate,full_gym,30,full,adult
user_0525,muscle_gain,beginner,dumbbells,30,lower,young_adult
user_0526,muscle_gain,beginner,bodyweight_only,90,full,adult
user_0527,weight_loss,beginner,home_gym,60,core,young_adult
user_0528,weight_loss,advanced,bodyweight_only,90,full,adult
user_0529,general_fitness,intermediate,home_gym,45,upper,young_adult
user_0530,general_fitness,beginner,full_gym,30,lower,adult
user_0531,general_fitness,intermediate,full_gym,60,upper,young_adult
user_0532,general_fitness,intermediate,dumbbells,30,upper,adult
user_0533,endurance,beginner,bodyweight_only,30,lower,adult
user_0534,flexibility,intermediate,full_gym,30,full,young_adult
user_0535,general_fitness,beginner,full_gym,30,full,young_adult
user_0536,general_fitness,beginner,full_gym,30,lower,young_adult
user_0537,weight_loss,intermediate,bodyweight_only,30,full,senior
user_0538,muscle_gain,beginner,full_gym,45,upper,adult
user_0539,weight_loss,intermediate,full_gym,15,upper,adult
user_0540,general_fitness,intermediate,full_gym,30,upper,young_adult
user_0541,endurance,beginner,full_gym,60,full,adult
user_0542,weight_loss,intermediate,full_gym,30,upper,senior
user_0543,endurance,beginner,full_gym,30,lower,senior
user_0544,endurance,advanced,bodyweight_only,60,lower,adult
user_0545,muscle_gain,intermediate,dumbbells,30,full,young_adult
user_0546,weight_loss,advanced,bodyweight_only,15,upper,young_adult
user_0547,endurance,intermediate,dumbbells,45,full,young_adult
user_0548,muscle_gain,beginner,dumbbells,30,full,young_adult
user_0549,flexibility,intermediate,bodyweight_only,45,full,young_adult
user_0550,muscle_gain,advanced,dumbbells,60,core,young_adult
user_0551,general_fitness,intermediate,bodyweight_only,30,upper,adult
user_0552,endurance,advanced,full_gym,45,upper,senior
user_0553,endurance,advanced,home_gym,45,core,adult
user_0554,general_fitness,beginner,bodyweight_only,30,lower,senior
user_0555,muscle_gain,beginner,home_gym,45,full,adult
user_0556,weight_loss,intermediate,full_gym,30,full,young_adult
user_0557,weight_loss,intermediate,dumbbells,45,full,adult
user_0558,flexibility,advanced,bodyweight_only,15,core,young_adult
user_0559,endurance,advanced,full_gym,45,core,adult
user_0560,flexibility,beginner,full_gym,30,full,young_adult
user_0561,weight_loss,beginner,full_gym,60,lower,senior
user_0562,weight_loss,intermediate,bodyweight_only,15,core,young_adult
user_0563,weight_loss,beginner,bodyweight_only,45,upper,young_adult
user_0564,muscle_gain,advanced,dumbbells,45,upper,senior
user_0565,endurance,intermediate,dumbbells,60,core,young_adult
user_0566,muscle_gain,intermediate,bodyweight_only,45,lower,adult
user_0567,muscle_gain,beginner,dumbbells,45,upper,adult
user_0568,general_fitness,intermediate,full_gym,60,upper,senior
user_0569,muscle_gain,intermediate,home_gym,60,core,senior
user_0570,muscle_gain,intermediate,dumbbells,30,full,senior
user_0571,flexibility,beginner,home_gym,45,full,young_adult
user_0572,muscle_gain,intermediate,dumbbells,60,upper,senior
user_0573,endurance,advanced,dumbbells,90,full,adult
user_0574,general_fitness,beginner,bodyweight_only,60,full,adult
user_0575,general_fitness,beginner,full_gym,30,lower,young_adult
user_0576,weight_loss,beginner,home_gym,30,lower,adult
user_0577,general_fitness,intermediate,full_gym,45,upper,senior
user_0578,muscle_gain,intermediate,dumbbells,60,core,senior
user_0579,weight_loss,intermediate,full_gym,45,full,adult
user_0580,muscle_gain,beginner,bodyweight_only,45,core,young_adult
user_0581,general_fitness,beginner,home_gym,60,lower,adult
user_0582,muscle_gain,intermediate,full_gym,30,full,senior
user_0583,muscle_gain,intermediate,dumbbells,60,full,adult
user_0584,endurance,advanced,full_gym,45,full,adult
user_0585,weight_loss,beginner,full_gym,30,core,young_adult
user_0586,weight_loss,intermediate,bodyweight_only,45,lower,adult
user_0587,weight_loss,intermediate,full_gym,60,upper,adult
user_0588,weight_loss,intermediate,bodyweight_only,30,full,senior
user_0589,weight_loss,intermediate,full_gym,30,full,adult
user_0590,weight_loss,intermediate,full_gym,90,full,young_adult
user_0591,endurance,advanced,full_gym,30,upper,adult
user_0592,weight_loss,beginner,full_gym,45,full,young_adult
user_0593,muscle_gain,beginner,full_gym,45,lower,senior
user_0594,general_fitness,intermediate,bodyweight_only,45,lower,adult
user_0595,muscle_gain,intermediate,full_gym,45,full,adult
user_0596,endurance,beginner,dumbbells,30,full,adult
user_0597,weight_loss,beginner,dumbbells,45,upper,adult
user_0598,weight_loss,beginner,dumbbells,30,lower,adult
user_0599,weight_loss,advanced,bodyweight_only,45,lower,adult
user_0600,weight_loss,beginner,full_gym,30,upper,young_adult
user_0601,weight_loss,beginner,bodyweight_only,45,full,young_adult
user_0602,weight_loss,beginner,full_gym,30,core,young_adult
user_0603,weight_loss,beginner,dumbbells,30,lower,adult
user_0604,weight_loss,beginner,bodyweight_only,30,full,young_adult
user_0605,muscle_gain,intermediate,full_gym,30,core,adult
user_0606,weight_loss,beginner,bodyweight_only,60,full,senior
user_0607,muscle_gain,advanced,dumbbells,30,upper,senior
user_0608,muscle_gain,beginner,full_gym,90,core,adult
user_0609,endurance,intermediate,bodyweight_only,90,lower,adult
user_0610,weight_loss,advanced,full_gym,45,lower,young_adult
user_0611,flexibility,intermediate,bodyweight_only,30,upper,adult
user_0612,endurance,intermediate,bodyweight_only,30,lower,senior
user_0613,weight_loss,beginner,full_gym,60,upper,young_adult
user_0614,general_fitness,beginner,dumbbells,30,upper,adult
user_0615,general_fitness,intermediate,bodyweight_only,15,lower,senior
user_0616,weight_loss,advanced,dumbbells,45,full,senior
user_0617,weight_loss,intermediate,dumbbells,60,core,young_adult
user_0618,general_fitness,intermediate,full_gym,60,lower,adult
user_0619,flexibility,intermediate,dumbbells,30,core,young_adult
user_0620,weight_loss,intermediate,full_gym,45,core,young_adult
user_0621,weight_loss,beginner,home_gym,30,full,senior
user_0622,muscle_gain,intermediate,dumbbells,30,upper,senior
user_0623,muscle_gain,advanced,home_gym,60,full,adult
user_0624,endurance,beginner,dumbbells,30,core,young_adult
user_0625,muscle_gain,intermediate,home_gym,30,full,senior
user_0626,muscle_gain,beginner,bodyweight_only,15,lower,adult
user_0627,flexibility,intermediate,full_gym,60,full,young_adult
user_0628,weight_loss,beginner,dumbbells,60,full,adult
user_0629,weight_loss,intermediate,dumbbells,45,full,young_adult
user_0630,flexibility,intermediate,full_gym,60,upper,adult
user_0631,general_fitness,beginner,full_gym,30,lower,adult
user_0632,muscle_gain,intermediate,bodyweight_only,45,full,young_adult
user_0633,muscle_gain,intermediate,bodyweight_only,30,core,young_adult
user_0634,weight_loss,advanced,full_gym,15,upper,young_adult
user_0635,muscle_gain,beginner,full_gym,45,core,young_adult
user_0636,muscle_gain,beginner,home_gym,90,lower,adult
user_0637,weight_loss,beginner,full_gym,15,full,senior
user_0638,weight_loss,advanced,home_gym,30,full,young_adult
user_0639,muscle_gain,advanced,full_gym,30,full,young_adult
user_0640,weight_loss,intermediate,dumbbells,30,core,adult
user_0641,muscle_gain,advanced,bodyweight_only,90,lower,senior
user_0642,weight_loss,intermediate,full_gym,45,core,young_adult
user_0643,muscle_gain,intermediate,full_gym,45,upper,young_adult
user_0644,weight_loss,beginner,bodyweight_only,60,full,adult
user_0645,general_fitness,intermediate,dumbbells,30,full,young_adult
user_0646,endurance,beginner,home_gym,45,full,young_adult
user_0647,endurance,advanced,full_gym,45,lower,adult
user_0648,flexibility,intermediate,dumbbells,45,core,adult
user_0649,muscle_gain,intermediate,dumbbells,90,upper,adult
user_0650,weight_loss,beginner,bodyweight_only,60,upper,adult
user_0651,muscle_gain,beginner,dumbbells,30,full,adult
user_0652,endurance,beginner,dumbbells,60,lower,young_adult
user_0653,flexibility,beginner,bodyweight_only,30,full,adult
user_0654,muscle_gain,beginner,full_gym,15,lower,young_adult
user_0655,weight_loss,advanced,dumbbells,30,upper,young_adult
user_0656,weight_loss,intermediate,full_gym,30,full,adult
user_0657,muscle_gain,beginner,home_gym,45,full,senior
user_0658,endurance,beginner,bodyweight_only,45,upper,senior
user_0659,endurance,intermediate,full_gym,90,full,adult
user_0660,muscle_gain,intermediate,dumbbells,45,full,young_adult
user_0661,general_fitness,intermediate,home_gym,45,full,young_adult
user_0662,endurance,advanced,bodyweight_only,15,lower,senior
user_0663,weight_loss,intermediate,full_gym,15,full,adult
user_0664,weight_loss,advanced,full_gym,45,full,adult
user_0665,weight_loss,advanced,dumbbells,45,full,adult
user_0666,weight_loss,beginner,bodyweight_only,60,upper,adult
user_0667,weight_loss,advanced,full_gym,30,full,senior
user_0668,weight_loss,beginner,full_gym,15,full,young_adult
user_0669,weight_loss,advanced,dumbbells,45,full,adult
user_0670,weight_loss,beginner,full_gym,30,lower,senior
user_0671,general_fitness,advanced,dumbbells,15,core,young_adult
user_0672,weight_loss,advanced,full_gym,60,full,adult
user_0673,muscle_gain,advanced,bodyweight_only,30,upper,young_adult
user_0674,muscle_gain,intermediate,home_gym,45,lower,senior
user_0675,general_fitness,beginner,dumbbells,30,core,young_adult
user_0676,weight_loss,beginner,dumbbells,30,upper,adult
user_0677,muscle_gain,intermediate,bodyweight_only,30,core,young_adult
user_0678,general_fitness,beginner,bodyweight_only,60,full,adult
user_0679,general_fitness,intermediate,full_gym,30,full,young_adult
user_0680,general_fitness,beginner,dumbbells,60,lower,young_adult
user_0681,weight_loss,advanced,full_gym,30,upper,adult
user_0682,weight_loss,intermediate,bodyweight_only,60,core,senior
user_0683,endurance,advanced,dumbbells,30,lower,young_adult
user_0684,general_fitness,beginner,dumbbells,45,full,young_adult
user_0685,endurance,advanced,bodyweight_only,45,lower,adult
user_0686,endurance,advanced,bodyweight_only,90,upper,adult
user_0687,weight_loss,intermediate,dumbbells,30,upper,senior
user_0688,flexibility,intermediate,dumbbells,15,full,young_adult
user_0689,weight_loss,intermediate,dumbbells,15,core,adult
user_0690,muscle_gain,beginner,full_gym,60,lower,young_adult
user_0691,muscle_gain,intermediate,full_gym,45,lower,young_adult
user_0692,muscle_gain,beginner,bodyweight_only,60,lower,adult
user_0693,weight_loss,beginner,dumbbells,30,full,adult
user_0694,weight_loss,beginner,home_gym,30,lower,adult
user_0695,endurance,beginner,full_gym,15,core,young_adult
user_0696,weight_loss,beginner,full_gym,90,full,adult
user_0697,endurance,beginner,dumbbells,45,full,adult
user_0698,weight_loss,advanced,full_gym,90,upper,senior
user_0699,muscle_gain,intermediate,full_gym,30,core,young_adult
user_0700,muscle_gain,advanced,full_gym,45,upper,young_adult
user_0701,weight_loss,intermediate,home_gym,45,upper,adult
user_0702,muscle_gain,beginner,bodyweight_only,30,full,adult
user_0703,weight_loss,intermediate,bodyweight_only,60,full,young_adult
user_0704,weight_loss,intermediate,full_gym,90,lower,senior
user_0705,general_fitness,beginner,full_gym,60,lower,young_adult
user_0706,muscle_gain,intermediate,bodyweight_only,60,full,senior
user_0707,general_fitness,beginner,dumbbells,30,upper,young_adult
user_0708,weight_loss,intermediate,bodyweight_only,30,full,adult
user_0709,endurance,intermediate,dumbbells,90,full,senior
user_0710,flexibility,beginner,full_gym,15,lower,young_adult
user_0711,endurance,beginner,full_gym,60,lower,senior
user_0712,muscle_gain,intermediate,dumbbells,60,lower,adult
user_0713,muscle_gain,intermediate,dumbbells,45,full,senior
user_0714,muscle_gain,beginner,bodyweight_only,90,full,adult
user_0715,general_fitness,advanced,dumbbells,30,lower,young_adult
user_0716,general_fitness,beginner,full_gym,30,full,young_adult
user_0717,general_fitness,intermediate,home_gym,15,core,young_adult
user_0718,weight_loss,advanced,full_gym,45,lower,young_adult
user_0719,flexibility,beginner,bodyweight_only,30,core,young_adult
user_0720,general_fitness,beginner,home_gym,30,lower,young_adult
user_0721,weight_loss,beginner,full_gym,60,upper,adult
user_0722,weight_loss,beginner,full_gym,90,upper,adult
user_0723,flexibility,beginner,dumbbells,30,lower,young_adult
user_0724,endurance,intermediate,dumbbells,30,upper,young_adult
user_0725,general_fitness,beginner,dumbbells,90,upper,adult
user_0726,weight_loss,intermediate,bodyweight_only,15,core,young_adult
user_0727,flexibility,advanced,bodyweight_only,15,full,young_adult
user_0728,weight_loss,advanced,bodyweight_only,30,full,young_adult
user_0729,weight_loss,intermediate,dumbbells,45,upper,senior
user_0730,weight_loss,beginner,full_gym,30,upper,senior
user_0731,general_fitness,intermediate,dumbbells,90,upper,adult
user_0732,endurance,intermediate,bodyweight_only,45,full,adult
user_0733,muscle_gain,intermediate,home_gym,45,core,adult
user_0734,muscle_gain,beginner,home_gym,30,lower,adult
user_0735,general_fitness,advanced,full_gym,45,upper,adult
user_0736,muscle_gain,intermediate,home_gym,45,full,adult
user_0737,general_fitness,beginner,full_gym,60,lower,young_adult
user_0738,muscle_gain,beginner,home_gym,60,lower,young_adult
user_0739,muscle_gain,intermediate,bodyweight_only,45,full,adult
user_0740,muscle_gain,advanced,dumbbells,90,full,senior
user_0741,muscle_gain,intermediate,bodyweight_only,60,upper,adult
user_0742,flexibility,intermediate,bodyweight_only,60,upper,senior
user_0743,muscle_gain,beginner,bodyweight_only,15,core,senior
user_0744,weight_loss,intermediate,full_gym,15,upper,young_adult
user_0745,general_fitness,intermediate,full_gym,30,upper,adult
user_0746,muscle_gain,beginner,full_gym,45,upper,adult
user_0747,muscle_gain,beginner,bodyweight_only,45,upper,senior
user_0748,general_fitness,intermediate,full_gym,45,lower,senior
user_0749,endurance,beginner,full_gym,60,full,adult
user_0750,weight_loss,intermediate,dumbbells,60,lower,young_adult
user_0751,general_fitness,beginner,full_gym,90,lower,adult
user_0752,endurance,beginner,dumbbells,30,full,young_adult
user_0753,muscle_gain,beginner,dumbbells,45,full,adult
user_0754,weight_loss,advanced,home_gym,30,core,senior
user_0755,flexibility,advanced,dumbbells,30,core,adult
user_0756,endurance,advanced,dumbbells,30,upper,adult
user_0757,muscle_gain,intermediate,home_gym,30,full,adult
user_0758,general_fitness,beginner,full_gym,45,lower,adult
user_0759,flexibility,intermediate,bodyweight_only,60,core,young_adult
user_0760,weight_loss,intermediate,bodyweight_only,30,lower,adult
user_0761,muscle_gain,advanced,bodyweight_only,60,core,senior
user_0762,weight_loss,beginner,full_gym,45,full,senior
user_0763,flexibility,intermediate,dumbbells,30,upper,young_adult
user_0764,weight_loss,beginner,bodyweight_only,45,full,senior
user_0765,endurance,beginner,home_gym,30,core,adult
user_0766,flexibility,intermediate,full_gym,45,core,young_adult
user_0767,general_fitness,intermediate,bodyweight_only,45,upper,young_adult
user_0768,muscle_gain,beginner,full_gym,30,full,young_adult
user_0769,general_fitness,beginner,full_gym,30,lower,senior
user_0770,weight_loss,intermediate,bodyweight_only,45,upper,adult
user_0771,general_fitness,intermediate,dumbbells,90,lower,adult
user_0772,weight_loss,advanced,full_gym,30,upper,young_adult
user_0773,muscle_gain,advanced,dumbbells,60,full,adult
user_0774,flexibility,intermediate,full_gym,45,lower,young_adult
user_0775,weight_loss,beginner,dumbbells,90,full,adult
user_0776,weight_loss,intermediate,bodyweight_only,60,upper,adult
user_0777,flexibility,intermediate,bodyweight_only,45,lower,young_adult
user_0778,flexibility,beginner,dumbbells,45,upper,senior
user_0779,endurance,advanced,bodyweight_only,60,upper,young_adult
user_0780,endurance,beginner,bodyweight_only,30,upper,adult
user_0781,muscle_gain,advanced,full_gym,30,upper,adult
user_0782,weight_loss,intermediate,home_gym,15,full,adult
user_0783,muscle_gain,intermediate,full_gym,60,lower,young_adult
user_0784,weight_loss,intermediate,home_gym,60,lower,young_adult
user_0785,general_fitness,advanced,bodyweight_only,30,lower,senior
user_0786,endurance,intermediate,home_gym,45,core,young_adult
user_0787,muscle_gain,intermediate,bodyweight_only,45,core,senior
user_0788,muscle_gain,beginner,home_gym,30,lower,senior
user_0789,general_fitness,intermediate,home_gym,90,lower,young_adult
user_0790,weight_loss,beginner,full_gym,30,upper,young_adult
user_0791,endurance,intermediate,home_gym,15,core,adult
user_0792,muscle_gain,intermediate,full_gym,45,upper,senior
user_0793,endurance,intermediate,dumbbells,60,lower,senior
user_0794,weight_loss,beginner,dumbbells,15,lower,adult
user_0795,general_fitness,beginner,full_gym,45,lower,adult
user_0796,general_fitness,intermediate,bodyweight_only,45,upper,young_adult
user_0797,endurance,beginner,full_gym,30,full,senior
user_0798,endurance,beginner,home_gym,30,upper,senior
user_0799,general_fitness,beginner,bodyweight_only,45,full,young_adult
user_0800,flexibility,advanced,full_gym,30,upper,young_adult
user_0801,weight_loss,intermediate,home_gym,90,upper,young_adult
user_0802,endurance,beginner,home_gym,60,core,young_adult
user_0803,endurance,beginner,home_gym,90,upper,senior
user_0804,muscle_gain,beginner,full_gym,30,full,adult
user_0805,flexibility,intermediate,home_gym,90,full,young_adult
user_0806,general_fitness,intermediate,full_gym,45,upper,young_adult
user_0807,general_fitness,beginner,bodyweight_only,30,core,senior
user_0808,muscle_gain,beginner,dumbbells,15,upper,adult
user_0809,weight_loss,beginner,full_gym,15,core,adult
user_0810,general_fitness,intermediate,bodyweight_only,45,upper,young_adult
user_0811,general_fitness,intermediate,full_gym,45,core,senior
user_0812,weight_loss,beginner,full_gym,30,upper,senior
user_0813,general_fitness,beginner,bodyweight_only,45,full,young_adult
user_0814,general_fitness,beginner,full_gym,30,full,young_adult
user_0815,muscle_gain,advanced,full_gym,45,core,young_adult
user_0816,endurance,beginner,dumbbells,30,core,young_adult
user_0817,muscle_gain,intermediate,bodyweight_only,60,full,adult
user_0818,weight_loss,intermediate,bodyweight_only,60,core,senior
user_0819,muscle_gain,beginner,dumbbells,45,upper,adult
user_0820,general_fitness,beginner,home_gym,30,lower,senior
user_0821,weight_loss,beginner,bodyweight_only,30,lower,adult
user_0822,muscle_gain,intermediate,full_gym,60,lower,adult
user_0823,muscle_gain,intermediate,bodyweight_only,30,lower,adult
user_0824,muscle_gain,intermediate,dumbbells,30,full,young_adult
user_0825,general_fitness,intermediate,full_gym,15,upper,adult
user_0826,muscle_gain,beginner,full_gym,45,full,adult
user_0827,muscle_gain,advanced,bodyweight_only,45,upper,young_adult
user_0828,flexibility,intermediate,dumbbells,60,lower,adult
user_0829,muscle_gain,beginner,bodyweight_only,30,full,adult
user_0830,weight_loss,advanced,dumbbells,30,full,senior
user_0831,muscle_gain,intermediate,full_gym,60,full,adult
user_0832,weight_loss,intermediate,bodyweight_only,60,full,senior
user_0833,weight_loss,intermediate,dumbbells,30,upper,adult
user_0834,muscle_gain,advanced,dumbbells,45,full,adult
user_0835,muscle_gain,intermediate,home_gym,30,upper,adult
user_0836,general_fitness,beginner,home_gym,90,lower,senior
user_0837,muscle_gain,beginner,bodyweight_only,30,lower,adult
user_0838,endurance,advanced,full_gym,90,upper,adult
user_0839,endurance,beginner,dumbbells,45,lower,adult
user_0840,weight_loss,beginner,dumbbells,45,core,adult
user_0841,endurance,intermediate,full_gym,15,core,young_adult
user_0842,weight_loss,intermediate,home_gym,45,lower,young_adult
user_0843,general_fitness,intermediate,home_gym,45,upper,young_adult
user_0844,weight_loss,advanced,full_gym,30,upper,senior
user_0845,muscle_gain,beginner,dumbbells,45,lower,young_adult
user_0846,weight_loss,beginner,full_gym,90,core,young_adult
user_0847,general_fitness,beginner,dumbbells,45,upper,adult
user_0848,muscle_gain,advanced,full_gym,60,full,young_adult
user_0849,endurance,intermediate,dumbbells,15,upper,adult
user_0850,weight_loss,beginner,full_gym,45,core,young_adult
user_0851,flexibility,advanced,bodyweight_only,30,lower,senior
user_0852,weight_loss,advanced,bodyweight_only,45,full,senior
user_0853,general_fitness,advanced,home_gym,90,lower,senior
user_0854,weight_loss,advanced,bodyweight_only,45,full,adult
user_0855,weight_loss,beginner,full_gym,15,upper,adult
user_0856,weight_loss,intermediate,bodyweight_only,30,upper,young_adult
user_0857,muscle_gain,intermediate,bodyweight_only,45,core,young_adult
user_0858,endurance,advanced,bodyweight_only,45,core,young_adult
user_0859,weight_loss,intermediate,bodyweight_only,60,core,adult
user_0860,flexibility,intermediate,home_gym,60,full,adult
user_0861,muscle_gain,intermediate,dumbbells,45,full,adult
user_0862,muscle_gain,beginner,home_gym,30,upper,young_adult
user_0863,muscle_gain,intermediate,full_gym,30,lower,adult
user_0864,muscle_gain,advanced,dumbbells,30,lower,adult
user_0865,endurance,advanced,full_gym,30,full,adult
user_0866,weight_loss,beginner,full_gym,45,lower,adult
user_0867,weight_loss,beginner,full_gym,45,upper,young_adult
user_0868,general_fitness,beginner,dumbbells,45,full,senior
user_0869,general_fitness,intermediate,dumbbells,15,full,adult
user_0870,muscle_gain,advanced,home_gym,30,lower,young_adult
user_0871,weight_loss,beginner,home_gym,30,upper,young_adult
user_0872,endurance,intermediate,home_gym,30,upper,adult
user_0873,muscle_gain,advanced,dumbbells,60,upper,senior
user_0874,weight_loss,intermediate,full_gym,15,lower,adult
user_0875,weight_loss,intermediate,dumbbells,45,full,young_adult
user_0876,flexibility,intermediate,dumbbells,30,full,senior
user_0877,endurance,intermediate,bodyweight_only,60,full,adult
user_0878,weight_loss,beginner,full_gym,45,lower,adult
user_0879,weight_loss,intermediate,bodyweight_only,30,full,adult
user_0880,weight_loss,intermediate,dumbbells,45,upper,young_adult
user_0881,endurance,advanced,home_gym,60,lower,adult
user_0882,weight_loss,intermediate,bodyweight_only,90,full,adult
user_0883,weight_loss,intermediate,bodyweight_only,30,upper,senior
user_0884,flexibility,beginner,bodyweight_only,60,upper,adult
user_0885,weight_loss,intermediate,home_gym,90,core,adult
user_0886,endurance,beginner,full_gym,90,lower,adult
user_0887,weight_loss,beginner,dumbbells,45,full,senior
user_0888,weight_loss,intermediate,full_gym,45,upper,senior
user_0889,weight_loss,advanced,full_gym,45,full,adult
user_0890,flexibility,beginner,dumbbells,60,lower,adult
user_0891,general_fitness,intermediate,full_gym,45,upper,adult
user_0892,general_fitness,advanced,full_gym,45,full,adult
user_0893,muscle_gain,beginner,full_gym,45,upper,young_adult
user_0894,endurance,intermediate,bodyweight_only,60,lower,adult
user_0895,weight_loss,intermediate,home_gym,60,upper,young_adult
user_0896,weight_loss,intermediate,full_gym,30,upper,senior
user_0897,general_fitness,beginner,dumbbells,60,lower,young_adult
user_0898,weight_loss,beginner,dumbbells,45,upper,senior
user_0899,weight_loss,intermediate,bodyweight_only,60,core,adult
user_0900,weight_loss,intermediate,bodyweight_only,45,upper,adult
user_0901,weight_loss,beginner,full_gym,30,lower,adult
user_0902,weight_loss,intermediate,bodyweight_only,90,upper,young_adult
user_0903,endurance,beginner,dumbbells,30,lower,adult
user_0904,muscle_gain,intermediate,full_gym,60,core,young_adult
user_0905,general_fitness,beginner,bodyweight_only,45,upper,adult
user_0906,general_fitness,advanced,home_gym,45,core,adult
user_0907,muscle_gain,beginner,bodyweight_only,30,upper,adult
user_0908,weight_loss,beginner,dumbbells,45,full,young_adult
user_0909,muscle_gain,beginner,dumbbells,30,full,young_adult
user_0910,endurance,beginner,bodyweight_only,15,core,adult
user_0911,weight_loss,advanced,bodyweight_only,30,full,senior
user_0912,endurance,advanced,full_gym,15,full,adult
user_0913,muscle_gain,beginner,home_gym,90,upper,adult
user_0914,endurance,intermediate,bodyweight_only,90,upper,adult
user_0915,muscle_gain,intermediate,full_gym,30,core,young_adult
user_0916,weight_loss,advanced,full_gym,60,lower,senior
user_0917,general_fitness,intermediate,full_gym,30,lower,adult
user_0918,flexibility,beginner,dumbbells,45,full,young_adult
user_0919,weight_loss,intermediate,dumbbells,60,lower,adult
user_0920,general_fitness,intermediate,dumbbells,90,core,young_adult
user_0921,muscle_gain,beginner,full_gym,45,full,senior
user_0922,general_fitness,intermediate,full_gym,60,full,young_adult
user_0923,flexibility,beginner,bodyweight_only,30,core,adult
user_0924,muscle_gain,intermediate,dumbbells,90,upper,young_adult
user_0925,weight_loss,beginner,home_gym,15,lower,adult
user_0926,weight_loss,intermediate,full_gym,45,lower,adult
user_0927,muscle_gain,intermediate,home_gym,45,upper,adult
user_0928,endurance,intermediate,full_gym,45,full,adult
user_0929,weight_loss,beginner,dumbbells,30,core,senior
user_0930,weight_loss,intermediate,full_gym,90,lower,young_adult
user_0931,general_fitness,intermediate,full_gym,30,lower,young_adult
user_0932,general_fitness,intermediate,bodyweight_only,45,core,young_adult
user_0933,muscle_gain,intermediate,full_gym,30,lower,senior
user_0934,weight_loss,intermediate,full_gym,30,lower,adult
user_0935,weight_loss,advanced,bodyweight_only,45,lower,adult
user_0936,weight_loss,beginner,full_gym,45,core,adult
user_0937,general_fitness,advanced,full_gym,30,full,young_adult
user_0938,weight_loss,intermediate,home_gym,30,full,young_adult
user_0939,endurance,beginner,bodyweight_only,45,full,young_adult
user_0940,weight_loss,beginner,dumbbells,60,lower,adult
user_0941,endurance,beginner,full_gym,60,lower,young_adult
user_0942,endurance,intermediate,dumbbells,15,full,young_adult
user_0943,general_fitness,intermediate,full_gym,30,lower,senior
user_0944,weight_loss,intermediate,full_gym,30,full,senior
user_0945,weight_loss,intermediate,bodyweight_only,15,core,young_adult
user_0946,weight_loss,intermediate,full_gym,45,full,young_adult
user_0947,general_fitness,beginner,full_gym,45,full,young_adult
user_0948,general_fitness,beginner,dumbbells,30,full,adult
user_0949,endurance,intermediate,home_gym,30,full,senior
user_0950,endurance,beginner,full_gym,15,lower,young_adult
user_0951,endurance,beginner,full_gym,60,upper,young_adult
user_0952,weight_loss,intermediate,full_gym,90,lower,adult
user_0953,general_fitness,intermediate,dumbbells,30,full,adult
user_0954,muscle_gain,advanced,home_gym,30,lower,young_adult
user_0955,muscle_gain,advanced,full_gym,60,full,adult
user_0956,muscle_gain,intermediate,full_gym,90,lower,young_adult
user_0957,weight_loss,intermediate,home_gym,45,full,adult
user_0958,weight_loss,intermediate,dumbbells,15,upper,adult
user_0959,flexibility,intermediate,full_gym,15,full,senior
user_0960,weight_loss,beginner,bodyweight_only,45,full,adult
user_0961,endurance,intermediate,dumbbells,30,upper,senior
user_0962,weight_loss,advanced,dumbbells,15,lower,adult
user_0963,muscle_gain,beginner,home_gym,45,full,adult
user_0964,weight_loss,intermediate,home_gym,15,lower,adult
user_0965,muscle_gain,intermediate,full_gym,60,upper,senior
user_0966,flexibility,beginner,full_gym,30,core,senior
user_0967,weight_loss,beginner,full_gym,15,full,young_adult
user_0968,endurance,beginner,home_gym,45,core,senior
user_0969,muscle_gain,beginner,dumbbells,30,lower,senior
user_0970,endurance,beginner,dumbbells,90,lower,adult
user_0971,general_fitness,advanced,bodyweight_only,45,core,young_adult
user_0972,flexibility,beginner,full_gym,30,full,senior
user_0973,weight_loss,intermediate,full_gym,60,full,senior
user_0974,weight_loss,beginner,dumbbells,30,lower,young_adult
user_0975,weight_loss,advanced,bodyweight_only,90,lower,senior
user_0976,endurance,beginner,full_gym,30,upper,young_adult
user_0977,weight_loss,intermediate,bodyweight_only,45,upper,young_adult
user_0978,muscle_gain,advanced,full_gym,15,upper,adult
user_0979,endurance,advanced,home_gym,45,upper,adult
user_0980,muscle_gain,beginner,dumbbells,60,core,adult
user_0981,flexibility,advanced,bodyweight_only,60,upper,young_adult
user_0982,weight_loss,intermediate,full_gym,30,full,senior
user_0983,weight_loss,intermediate,full_gym,30,full,young_adult
user_0984,flexibility,beginner,full_gym,60,full,young_adult
user_0985,muscle_gain,beginner,home_gym,90,upper,young_adult
user_0986,endurance,intermediate,bodyweight_only,15,full,adult
user_0987,muscle_gain,intermediate,full_gym,45,full,senior
user_0988,weight_loss,intermediate,full_gym,30,full,adult
user_0989,general_fitness,intermediate,home_gym,60,full,senior
user_0990,flexibility,intermediate,bodyweight_only,15,core,young_adult
user_0991,endurance,beginner,full_gym,30,full,adult
user_0992,weight_loss,intermediate,full_gym,60,lower,adult
user_0993,endurance,beginner,dumbbells,15,full,adult
user_0994,muscle_gain,intermediate,bodyweight_only,45,upper,young_adult
user_0995,weight_loss,intermediate,home_gym,45,core,adult
user_0996,general_fitness,advanced,bodyweight_only,30,upper,adult
user_0997,weight_loss,beginner,dumbbells,30,lower,adult
user_0998,general_fitness,beginner,dumbbells,45,full,adult
user_0999,muscle_gain,beginner,home_gym,30,full,young_adult
